{
	"partitions" : [
		{
			"name" : "Top",
			"pins" : [
				{
					"name" : "D3",
					"strict" : false
				},
				{
					"name" : "D2",
					"strict" : false
				},
				{
					"name" : "D1",
					"strict" : false
				},
				{
					"name" : "D0",
					"strict" : false
				},
				{
					"name" : "Data3",
					"strict" : false
				},
				{
					"name" : "clock",
					"strict" : false
				},
				{
					"name" : "reset",
					"strict" : false
				},
				{
					"name" : "load",
					"strict" : false
				},
				{
					"name" : "Data2",
					"strict" : false
				},
				{
					"name" : "Data1",
					"strict" : false
				},
				{
					"name" : "Data0",
					"strict" : false
				}
			]
		}
	]
}