{
	"partitions" : [
		{
			"name" : "Top",
			"pins" : [
				{
					"name" : "Seed",
					"strict" : false
				},
				{
					"name" : "R3",
					"strict" : false
				},
				{
					"name" : "R2",
					"strict" : false
				},
				{
					"name" : "R1",
					"strict" : false
				},
				{
					"name" : "R0",
					"strict" : false
				},
				{
					"name" : "R4",
					"strict" : false
				},
				{
					"name" : "R5",
					"strict" : false
				},
				{
					"name" : "R6",
					"strict" : false
				},
				{
					"name" : "R7",
					"strict" : false
				},
				{
					"name" : "D7",
					"strict" : false
				},
				{
					"name" : "Load",
					"strict" : false
				},
				{
					"name" : "Clock",
					"strict" : false
				},
				{
					"name" : "Reset",
					"strict" : false
				},
				{
					"name" : "D3",
					"strict" : false
				},
				{
					"name" : "D2",
					"strict" : false
				},
				{
					"name" : "D1",
					"strict" : false
				},
				{
					"name" : "D0",
					"strict" : false
				},
				{
					"name" : "D4",
					"strict" : false
				},
				{
					"name" : "D5",
					"strict" : false
				},
				{
					"name" : "D6",
					"strict" : false
				}
			]
		}
	]
}