{
	"partitions" : [
		{
			"name" : "Top",
			"pins" : [
				{
					"name" : "A",
					"strict" : false
				},
				{
					"name" : "B",
					"strict" : false
				},
				{
					"name" : "C",
					"strict" : false
				},
				{
					"name" : "D",
					"strict" : false
				},
				{
					"name" : "W",
					"strict" : false
				},
				{
					"name" : "X",
					"strict" : false
				},
				{
					"name" : "Y",
					"strict" : false
				},
				{
					"name" : "S",
					"strict" : false
				},
				{
					"name" : "Z",
					"strict" : false
				}
			]
		}
	]
}