{
	"partitions" : [
		{
			"name" : "Top",
			"pins" : [
				{
					"name" : "A",
					"strict" : false
				},
				{
					"name" : "B",
					"strict" : false
				},
				{
					"name" : "C",
					"strict" : false
				},
				{
					"name" : "D",
					"strict" : false
				},
				{
					"name" : "E",
					"strict" : false
				},
				{
					"name" : "F",
					"strict" : false
				},
				{
					"name" : "G",
					"strict" : false
				},
				{
					"name" : "Z[0]",
					"strict" : false
				},
				{
					"name" : "Z[1]",
					"strict" : false
				},
				{
					"name" : "Z[2]",
					"strict" : false
				},
				{
					"name" : "Z[3]",
					"strict" : false
				}
			]
		}
	]
}