{
	"partitions" : [
		{
			"name" : "Top",
			"pins" : [
				{
					"name" : "pin_name2",
					"strict" : false
				},
				{
					"name" : "pin_name4",
					"strict" : false
				},
				{
					"name" : "pin_name5",
					"strict" : false
				},
				{
					"name" : "pin_name8",
					"strict" : false
				},
				{
					"name" : "pin_name3",
					"strict" : false
				},
				{
					"name" : "pin_name12",
					"strict" : false
				},
				{
					"name" : "pin_name10",
					"strict" : false
				},
				{
					"name" : "pin_name14",
					"strict" : false
				},
				{
					"name" : "pin_name9",
					"strict" : false
				},
				{
					"name" : "pin_name15",
					"strict" : false
				},
				{
					"name" : "pin_name11",
					"strict" : false
				},
				{
					"name" : "pin_name13",
					"strict" : false
				},
				{
					"name" : "pin_name1",
					"strict" : false
				},
				{
					"name" : "pin_name7",
					"strict" : false
				},
				{
					"name" : "pin_name6",
					"strict" : false
				},
				{
					"name" : "Clock",
					"strict" : false
				},
				{
					"name" : "Reset",
					"strict" : false
				}
			]
		}
	]
}