{
	"partitions" : [
		{
			"name" : "Top",
			"pins" : [
				{
					"name" : "S",
					"strict" : false
				},
				{
					"name" : "load",
					"strict" : false
				},
				{
					"name" : "clock",
					"strict" : false
				},
				{
					"name" : "d7",
					"strict" : false
				},
				{
					"name" : "d6",
					"strict" : false
				},
				{
					"name" : "d5",
					"strict" : false
				},
				{
					"name" : "d4",
					"strict" : false
				},
				{
					"name" : "d3",
					"strict" : false
				},
				{
					"name" : "d2",
					"strict" : false
				},
				{
					"name" : "d1",
					"strict" : false
				},
				{
					"name" : "d0",
					"strict" : false
				}
			]
		}
	]
}