{
	"partitions" : [
		{
			"name" : "Top",
			"pins" : [
				{
					"name" : "z0",
					"strict" : false
				},
				{
					"name" : "z1",
					"strict" : false
				},
				{
					"name" : "z2",
					"strict" : false
				},
				{
					"name" : "z3",
					"strict" : false
				},
				{
					"name" : "s",
					"strict" : false
				},
				{
					"name" : "i0",
					"strict" : false
				},
				{
					"name" : "i1",
					"strict" : false
				},
				{
					"name" : "i2",
					"strict" : false
				},
				{
					"name" : "i3",
					"strict" : false
				}
			]
		}
	]
}